"user_id","ad_id","clicked_on_ad"
20,308,0
35,270,0
36,168,0
21,479,0
86,321,0
25,198,0
34,40,0
93,486,0
98,306,0
37,270,0
15,185,0
97,199,0
80,309,0
81,482,0
87,487,1
78,421,0
34,178,0
78,450,0
11,271,0
98,322,1
59,156,1
79,189,0
48,233,0
62,229,1
96,257,0
31,357,0
24,481,0
10,154,0
41,390,0
40,12,0
75,57,0
61,25,1
30,300,0
90,332,0
79,452,0
91,176,0
10,457,0
97,302,0
97,331,1
85,328,0
81,67,0
85,475,0
73,170,0
48,231,0
33,111,1
79,359,1
34,208,0
38,426,0
11,127,0
59,290,0
84,230,0
83,176,0
1,19,1
72,25,0
84,445,0
12,465,0
2,396,0
84,486,0
82,45,0
17,267,0
5,275,0
50,139,0
39,326,0
93,320,0
40,192,0
59,9,0
85,206,1
61,96,1
22,248,1
17,361,0
87,467,0
81,139,1
94,15,0
25,371,0
39,323,0
80,83,1
1,234,0
46,330,0
7,24,0
93,244,1
55,453,0
59,17,0
74,262,1
19,174,1
4,205,0
62,255,0
4,50,1
51,444,0
89,435,0
39,306,0
42,358,0
31,86,0
10,214,0
64,92,0
4,222,0
19,55,1
57,231,0
80,351,0
14,35,0
10,319,0
56,124,0
54,75,0
74,438,0
28,223,0
20,142,0
40,412,0
72,234,0
16,164,0
33,381,0
56,37,0
36,190,0
37,70,0
94,329,0
55,47,0
9,1,0
73,415,0
92,85,0
91,54,0
59,127,1
58,47,0
27,428,0
74,383,0
71,12,0
42,7,0
81,398,0
84,496,0
90,117,0
41,136,0
42,147,0
42,469,0
61,317,0
89,239,0
66,208,1
64,107,1
73,28,0
28,297,0
86,369,0
90,79,0
12,427,1
35,294,0
10,394,0
3,374,0
65,123,0
63,367,0
1,499,0
44,207,0
53,116,0
78,481,0
2,404,0
17,442,1
9,148,0
87,393,0
57,85,0
78,420,0
94,29,0
9,254,1
75,68,0
93,203,0
62,78,0
46,47,0
67,158,0
44,135,0
50,469,1
12,168,0
42,470,1
66,51,0
13,393,0
30,168,1
27,25,0
40,88,0
83,316,0
70,256,0
31,354,1
63,171,0
10,102,0
38,94,0
82,318,0
84,400,0
18,159,0
6,443,0
96,279,0
96,437,1
22,409,0
18,300,0
82,136,1
89,354,0
52,266,0
33,356,0
45,297,1
85,202,0
83,477,0
19,277,0
77,142,0
83,120,1
70,340,0
78,261,0
15,497,0
9,459,0
74,38,0
100,113,0
1,442,0
82,433,0
64,81,0
8,150,0
45,430,0
54,362,0
12,12,0
50,289,0
67,306,0
54,268,0
90,114,0
25,379,0
19,196,0
43,273,0
60,93,0
42,56,0
66,202,0
77,481,1
27,315,1
49,154,0
20,271,0
72,181,0
53,173,1
89,2,0
100,493,0
50,168,0
17,428,0
50,82,0
6,433,0
46,339,0
32,474,0
88,309,0
44,406,0
73,473,0
93,280,1
77,463,0
18,308,0
7,38,0
25,347,1
83,258,0
40,132,1
11,253,0
52,155,0
54,115,0
41,455,0
75,56,0
34,203,0
14,38,0
35,347,0
96,21,1
17,342,0
43,110,1
60,440,0
32,444,0
30,484,0
16,236,0
41,468,1
43,374,0
21,200,0
20,212,0
27,370,0
34,231,1
51,482,1
92,444,0
75,234,0
50,324,0
19,352,0
16,265,1
19,88,0
24,495,0
85,439,0
95,86,0
16,295,0
94,172,0
17,133,0
92,254,0
71,333,0
46,489,0
78,3,0
48,380,0
19,199,0
89,2,1
26,1,0
58,381,0
36,14,1
5,140,0
86,211,1
72,111,0
88,7,0
17,41,0
40,458,0
79,334,0
99,87,0
73,85,0
70,417,0
13,259,0
41,31,0
35,82,0
52,47,0
35,437,0
96,312,0
52,224,0
92,350,0
7,116,0
100,228,1
31,221,0
44,88,0
47,488,0
21,369,0
56,26,0
87,454,0
66,91,0
10,152,0
70,284,0
38,388,0
34,477,0
19,189,0
66,260,0
41,134,0
2,241,1
20,64,0
75,375,0
4,60,0
83,473,0
13,345,0
54,381,0
45,251,0
43,454,0
36,84,0
58,86,0
37,358,0
37,125,0
21,55,0
38,226,0
73,287,0
9,308,0
62,477,0
4,121,0
69,489,0
35,410,0
57,141,0
9,424,0
65,142,1
97,234,0
81,500,0
98,98,0
60,402,0
79,346,1
99,400,0
83,447,0
85,118,1
76,344,0
1,213,0
2,409,0
65,5,0
51,166,1
75,286,0
24,5,1
24,133,0
28,169,0
52,462,0
80,2,0
93,485,0
28,325,0
89,129,0
13,25,0
66,260,0
33,52,0
59,289,1
62,391,0
20,307,0
44,293,0
29,5,0
21,127,0
23,442,0
32,166,0
35,307,0
35,483,0
20,102,0
29,371,1
11,374,1
90,407,0
97,209,0
62,432,0
94,237,0
24,111,0
45,146,1
22,29,0
81,36,0
39,409,0
81,145,0
99,410,0
61,448,0
53,237,0
74,446,0
83,403,0
23,456,0
5,57,0
59,217,0
27,229,0
34,215,0
62,156,1
61,395,0
8,272,0
19,353,1
35,163,0
32,209,0
65,410,0
5,117,0
12,406,1
42,96,0
17,262,0
75,65,0
80,154,0
54,434,0
73,302,0
9,494,0
44,299,1
84,398,0
93,302,0
45,41,0
18,129,0
68,489,0
72,315,1
76,57,0
28,17,0
73,91,0
21,147,0
43,173,1
24,129,0
11,420,0
97,47,0
60,336,0
13,403,0
9,281,0
74,347,0
30,97,0
74,240,0
45,408,0
92,391,0
12,212,0
1,53,0
1,108,0
18,98,0
71,235,0
81,204,0
42,105,0
20,367,0
54,173,0
21,300,0
8,294,0
64,422,0
19,273,0
28,434,1
75,450,0
87,142,0
93,11,0
95,457,0
69,139,1
94,264,0
16,266,0
99,273,0
39,130,0
28,385,0
21,482,0
67,133,0
47,258,0
100,188,0
28,389,0
97,78,0
47,473,0
78,160,0
17,366,0
25,293,0
85,301,0
23,318,0
87,328,1
84,97,1
38,423,0
81,208,0
91,88,0
40,100,0
90,339,0
12,49,0
79,35,0
13,144,0
13,1,0
48,80,0
98,228,0
2,480,0
30,108,0
88,214,0
4,306,0
81,72,0
90,361,0
40,277,1
36,271,0
15,437,0
72,497,0
41,84,0
52,450,1
100,383,0
72,279,0
22,124,0
53,474,0
37,314,0
40,28,0
30,479,0
1,414,0
64,241,1
100,497,0
1,277,0
18,103,0
33,60,0
5,375,0
41,233,1
42,146,0
85,423,0
64,22,0
19,229,1
41,245,1
87,491,0
3,141,0
32,93,0
56,49,1
15,460,0
56,164,0
66,423,0
71,112,0
25,84,0
48,155,0
92,404,0
53,445,0
47,263,1
18,309,1
19,199,0
92,220,0
33,46,0
17,499,1
17,203,0
23,196,0
24,464,0
15,109,1
48,283,1
54,161,0
15,292,0
94,52,0
72,472,0
2,467,0
33,117,0
12,394,0
1,144,0
6,402,0
36,184,0
52,155,0
48,397,1
81,283,0
16,102,1
4,317,0
23,220,0
33,29,0
1,176,0
73,424,0
42,118,0
5,497,0
81,3,0
82,240,0
35,217,0
5,185,0
47,176,0
10,288,0
12,355,0
82,306,0
90,496,0
91,60,0
92,278,0
92,67,0
94,316,0
96,127,1
61,89,0
77,132,0
93,466,0
53,393,0
43,370,0
46,158,0
38,492,0
23,309,0
28,466,0
38,31,0
48,241,0
43,411,0
20,135,0
44,324,0
97,28,0
13,431,0
40,261,0
20,124,0
7,324,0
71,299,1
96,199,0
49,316,0
59,177,0
38,69,1
90,205,0
34,52,0
70,215,0
30,9,0
75,474,0
45,89,0
66,493,0
39,372,0
20,258,0
42,87,0
80,300,0
61,421,0
28,328,1
29,407,0
75,431,0
93,258,0
44,183,0
88,296,0
60,131,0
66,478,0
5,315,0
83,37,0
33,461,0
29,495,0
46,476,0
43,53,0
30,135,0
37,278,0
3,373,0
43,57,0
63,355,0
89,458,0
12,41,0
15,226,0
94,204,0
96,278,0
34,243,0
63,127,1
79,202,0
13,241,0
83,332,0
93,478,0
8,251,0
29,435,0
92,70,0
67,441,1
73,440,0
100,487,0
24,493,0
94,476,0
98,446,0
38,57,0
89,292,0
87,89,0
86,293,0
17,478,0
43,461,1
92,10,0
51,84,1
65,480,0
7,74,0
6,64,0
56,377,0
57,161,0
94,485,0
28,465,0
92,34,0
62,433,0
79,56,0
78,192,0
14,127,0
93,231,0
56,154,0
44,202,0
32,480,0
39,358,0
65,2,1
98,469,0
78,51,0
21,90,0
32,195,0
14,327,0
36,472,0
100,444,0
32,211,1
59,318,1
13,448,0
48,454,0
50,370,0
82,29,0
24,154,0
18,398,0
76,282,0
37,206,1
4,83,0
59,162,0
93,69,0
83,302,0
77,81,0
25,398,0
59,162,0
78,346,1
91,123,0
16,28,0
65,15,0
29,97,0
12,494,0
93,352,0
50,89,0
96,256,0
3,255,0
50,354,0
15,227,0
99,475,1
25,172,0
6,314,0
86,305,0
53,397,0
19,273,0
93,104,0
57,420,1
81,354,0
91,192,0
50,92,0
46,405,0
17,131,0
86,401,0
93,95,1
27,322,1
63,68,0
66,109,1
62,321,0
78,310,0
46,296,0
74,424,0
83,389,0
28,123,1
83,343,0
3,251,0
43,90,0
25,241,0
77,456,0
27,460,0
67,366,0
75,206,0
58,127,0
47,409,0
4,464,0
44,84,0
85,321,0
59,409,1
39,47,0
27,286,0
95,357,1
67,248,1
48,500,0
39,240,0
63,44,0
47,22,0
12,144,1
26,51,0
46,174,0
84,235,0
99,195,0
71,235,0
21,482,1
54,324,0
59,76,0
1,497,0
78,10,0
25,419,0
77,74,0
26,489,1
55,331,1
20,218,0
60,92,1
30,347,1
10,255,0
11,451,0
10,251,0
24,313,0
11,56,0
40,366,0
21,465,0
99,403,0
74,172,1
10,106,0
78,453,1
2,61,0
84,304,1
14,331,1
7,371,0
36,450,0
71,219,0
40,254,0
25,201,1
98,109,0
42,433,0
47,43,0
23,391,1
55,488,0
39,327,0
57,253,0
79,493,0
84,421,0
63,44,0
44,462,0
19,324,0
42,85,0
61,406,0
98,113,0
53,338,0
60,320,0
78,409,0
4,323,0
1,375,0
20,205,1
55,194,0
57,92,0
44,272,0
68,140,0
21,424,1
67,246,0
12,185,0
70,467,0
68,17,1
92,350,1
74,392,0
41,380,1
50,405,0
78,224,1
77,192,0
30,417,0
31,319,0
42,414,0
4,369,0
84,385,0
45,144,0
51,193,0
61,161,0
35,292,0
62,133,0
40,332,0
11,490,0
56,495,1
4,418,0
12,431,0
16,403,0
36,281,0
30,371,0
19,473,0
4,64,0
77,347,1
37,470,0
56,161,0
51,264,0
68,171,0
71,490,1
69,447,1
79,290,0
21,373,0
15,167,0
77,398,0
98,341,0
23,266,0
67,490,0
12,321,0
68,309,0
68,65,0
60,376,0
14,323,0
23,392,0
10,101,0
62,208,0
53,259,0
20,461,0
18,240,0
52,450,0
55,286,0
71,456,0
96,133,0
23,154,0
15,87,0
60,311,0
87,67,0
7,375,0
78,287,1
17,433,0
44,161,0
11,431,0
23,192,0
60,394,0
83,159,0
1,281,0
88,338,0
62,166,0
72,246,0
53,306,1
55,412,0
85,319,0
2,5,0
78,360,0
97,151,0
92,361,1
40,205,0
49,357,0
63,48,0
45,374,0
62,427,0
42,378,1
15,366,0
27,14,0
90,7,0
6,470,0
96,134,1
44,166,0
98,310,0
57,183,0
34,158,0
49,242,0
49,420,1
86,345,0
88,57,0
100,61,0
90,40,0
42,475,0
93,466,1
15,123,0
21,186,0
67,137,0
5,89,0
41,225,0
72,493,0
64,54,0
82,341,0
80,459,0
6,371,0
73,480,0
1,222,0
61,123,0
84,39,0
64,196,1
9,398,1
75,13,0
17,494,0
23,6,0
51,255,0
88,465,0
15,204,0
28,259,0
42,204,1
20,414,0
68,337,1
56,305,1
73,314,0
2,38,0
43,499,1
44,213,0
22,199,1
32,487,0
7,265,0
65,169,0
98,202,0
44,167,0
62,111,0
83,197,1
89,249,0
17,337,0
38,285,0
24,156,0
81,441,1
97,181,1
88,278,0
59,286,0
38,192,0
100,418,0
97,123,0
38,307,0
6,128,0
64,40,0
79,230,0
20,276,0
7,287,0
50,406,0
61,37,0
10,152,0
59,287,0
53,240,0
16,358,0
85,147,1
59,458,0
87,302,0
71,315,0
83,89,0
96,81,0
9,79,0
52,312,0
95,288,1
6,85,0
39,370,0
41,43,0
92,330,0
25,134,0
13,54,1
11,423,0
76,249,0
12,275,0
33,264,0
20,204,0
32,178,0
30,164,1
53,24,0
19,464,0
49,251,0
57,408,0
8,189,0
25,151,0
32,167,0
41,233,0
39,283,0
12,309,0
15,199,0
7,62,0
14,208,1
9,393,0
47,105,0
49,59,0
35,12,0
34,5,0
33,86,0
85,220,0
76,381,1
67,440,1
16,152,0
59,184,0
24,388,0
77,142,0
82,296,1
42,300,0
54,258,0
81,446,0
23,119,0
31,291,0
61,111,0
39,215,0
54,394,0
93,444,1
96,167,0
58,252,1
25,241,1
72,54,0
98,496,0
41,313,0
39,227,0
54,351,0
63,310,0
88,264,1
18,382,0
37,277,0
83,496,0
96,408,0
70,136,1
100,287,0
8,66,1
46,103,1
73,100,1
6,73,1
26,156,0
94,107,0
15,402,0
6,120,0
41,418,1
15,191,0
54,184,0
46,303,0
31,8,0
40,80,0
6,145,0
36,314,0
48,46,0
52,391,1
13,147,1
49,265,0
21,232,1
50,291,1
23,310,0
99,299,1
60,227,0
75,218,0
99,259,0
31,261,0
30,115,0
7,430,0
96,68,0
46,34,0
89,274,0
27,289,0
51,420,0
23,493,0
19,155,0
79,487,0
13,212,0
58,447,0
22,300,0
52,335,0
68,207,1
16,268,0
45,84,0
46,78,0
77,413,0
85,198,0
72,427,1
43,266,0
13,347,0
48,200,0
14,342,0
45,423,0
8,115,0
5,370,0
95,375,0
91,226,0
74,480,1
65,54,0
38,283,0
55,261,1
43,43,0
80,293,0
18,57,0
72,186,0
50,499,0
17,440,0
75,257,0
47,493,0
27,155,0
97,181,0
44,430,0
88,42,0
97,345,0
33,408,0
23,320,1
65,140,1
90,369,0
6,318,0
96,65,0
18,277,0
53,349,0
85,477,0
97,118,0
54,49,0
48,408,0
93,34,0
33,301,0
27,469,0
3,317,0
15,88,1
27,205,0
61,17,0
48,257,0
91,484,0
6,4,0
69,369,1
40,344,0
18,36,0
39,247,0
20,378,0
90,499,0
63,360,0
27,24,0
35,26,0
9,427,0
33,401,0
22,193,0
48,483,1
3,433,0
18,169,0
65,333,0
7,329,0
32,218,0
7,109,0
81,328,0
84,354,0
83,488,0
32,452,0
54,21,0
96,321,0
35,78,1
67,189,0
78,488,0
55,368,0
100,85,0
10,339,0
12,250,0
51,219,0
64,374,0
8,410,0
89,50,1
78,496,0
24,475,0
60,31,1
50,466,0
12,413,0
54,148,1
100,398,0
24,155,0
81,313,1
9,399,1
43,431,0
32,213,0
93,162,0
84,396,0
10,370,0
10,385,0
94,83,0
63,8,0
33,341,1
19,408,1
30,398,0
14,331,0
95,337,0
76,5,0
1,75,0
51,485,0
5,25,0
87,25,0
53,4,0
55,262,0
53,146,0
6,233,0
36,206,1
96,373,0
14,169,0
54,372,0
82,496,0
15,238,0
43,141,0
21,47,0
17,30,0
53,250,0
10,78,0
33,258,0
32,3,0
54,216,0
6,351,0
13,371,0
51,259,0
17,378,1
66,196,0
35,19,0
79,258,0
25,459,0
25,310,0
54,215,0
27,359,0
92,467,0
100,286,0
84,35,0
94,364,0
69,434,0
94,186,0
97,114,0
43,247,0
86,40,0
25,462,0
65,437,0
57,430,1
71,72,0
18,480,0
92,486,0
34,96,0
47,19,0
15,468,0
9,478,0
86,496,0
64,464,0
61,100,0
25,350,0
93,141,0
59,51,1
44,344,0
62,190,0
54,467,0
48,288,0
52,93,0
18,66,0
67,99,1
18,393,1
34,171,0
13,261,0
95,495,0
89,263,0
40,258,1
45,359,0
91,293,0
89,459,0
90,349,0
46,236,1
60,403,0
22,93,0
19,318,0
47,368,0
22,383,0
57,309,0
66,312,0
10,210,0
86,85,1
74,292,0
30,278,0
13,149,0
94,492,0
24,99,0
94,393,0
44,281,0
14,327,0
71,93,0
69,278,1
85,370,0
24,74,1
87,51,0
31,347,0
57,351,0
79,60,0
4,13,0
34,132,0
64,137,0
54,221,0
25,258,0
64,332,0
44,140,0
8,92,0
36,246,0
18,189,0
88,145,0
8,50,0
12,360,0
76,233,0
67,131,0
50,358,0
53,391,0
97,91,0
25,193,0
86,323,0
13,422,0
43,261,0
92,337,0
33,371,0
42,93,0
26,7,0
63,268,0
68,304,0
97,142,0
35,46,0
7,431,0
52,338,0
64,174,0
97,494,0
35,444,1
77,494,0
13,490,0
59,53,0
14,479,0
12,297,0
75,220,0
84,36,0
21,397,0
96,187,0
74,371,0
92,138,0
98,462,0
85,266,1
100,415,0
99,435,0
89,217,0
16,366,0
56,496,0
51,235,0
30,79,0
73,344,0
87,490,0
47,106,0
1,106,1
69,448,0
6,422,0
70,414,0
92,351,0
12,189,0
14,102,1
5,348,0
21,47,0
53,36,0
82,198,0
86,168,1
93,429,0
43,26,0
9,276,0
1,312,0
84,298,0
23,380,0
76,9,1
64,369,0
43,240,0
7,110,0
71,417,0
36,263,0
8,115,0
60,286,0
36,418,0
35,311,0
39,484,0
68,184,1
91,35,0
2,374,0
80,114,0
38,489,0
58,473,0
89,497,0
86,451,0
72,292,1
30,221,0
73,96,1
98,216,1
78,110,1
75,203,0
62,10,0
41,483,0
43,9,0
17,474,0
49,446,0
43,75,0
12,47,0
100,54,0
67,321,0
57,251,0
71,146,0
45,386,0
31,86,1
96,273,0
70,168,0
46,471,1
96,294,1
1,233,0
75,236,0
17,154,0
41,275,0
69,122,0
39,36,0
93,164,0
62,179,0
75,327,0
11,353,0
57,123,0
16,188,0
2,216,1
94,322,0
10,198,0
98,1,0
37,368,0
82,86,0
56,10,0
24,423,0
66,461,0
80,115,0
58,196,0
22,295,0
19,273,0
88,482,0
49,458,1
9,99,0
89,105,0
84,304,0
99,129,1
37,42,0
28,435,0
74,472,0
97,109,0
89,341,0
72,192,0
21,181,0
64,90,1
97,261,0
68,388,0
8,90,0
91,355,0
56,24,0
81,300,0
8,177,0
46,54,0
29,416,0
71,352,0
50,487,0
17,481,0
8,161,0
90,361,0
63,386,0
18,203,0
60,427,0
89,197,0
52,458,0
43,363,0
80,500,0
91,278,0
19,123,0
84,356,0
17,465,0
15,351,0
15,212,0
69,375,1
79,85,0
27,432,0
97,470,1
86,231,0
73,32,0
14,204,0
9,442,0
56,128,0
79,230,0
10,199,0
91,278,0
21,162,0
72,196,0
74,231,0
63,482,1
5,118,0
44,42,0
57,422,0
71,1,0
81,340,0
90,281,0
28,177,0
37,137,0
14,312,0
97,363,1
62,469,0
30,405,0
85,384,0
70,39,0
63,29,0
73,306,1
28,285,0
13,454,0
34,228,0
36,478,1
54,390,0
67,51,1
46,113,0
98,127,0
55,431,1
66,332,1
55,398,0
20,363,0
11,68,0
34,170,0
96,144,0
82,107,0
33,297,0
10,235,0
93,63,0
23,139,0
66,22,0
15,349,0
75,129,0
36,223,0
4,324,0
88,81,0
15,276,0
57,222,0
87,399,0
63,232,0
85,65,0
52,194,1
10,17,1
71,418,0
3,392,0
48,255,0
60,17,0
11,109,0
56,351,0
26,499,1
43,310,0
34,71,0
49,442,0
36,265,0
18,1,0
100,492,0
55,371,0
26,417,0
20,177,0
61,479,0
46,434,0
68,373,0
24,251,0
97,309,1
51,123,0
13,268,0
68,250,0
8,136,0
91,218,1
99,265,0
79,381,0
17,382,0
37,335,0
16,12,0
52,369,0
5,419,0
54,408,0
98,278,0
76,114,0
97,315,0
74,211,1
98,39,0
59,80,0
77,14,0
60,486,0
24,252,0
60,220,0
8,81,0
65,129,1
3,75,0
18,500,1
1,373,0
12,80,0
14,162,0
22,496,0
100,174,0
23,211,0
20,245,0
25,421,0
35,386,0
73,443,0
20,416,1
4,184,0
69,200,0
3,216,1
28,252,0
36,235,0
65,125,0
94,468,0
71,482,0
38,278,0
67,119,0
55,355,0
6,184,0
10,370,0
60,444,1
29,225,1
12,133,0
48,405,0
80,222,0
22,286,0
47,238,0
2,437,0
45,299,0
64,233,0
77,18,0
43,246,0
49,177,0
50,427,0
39,286,0
39,476,0
43,389,0
77,393,0
37,131,0
85,36,1
13,98,1
75,311,0
19,453,0
88,300,0
42,46,0
49,413,0
15,311,0
95,445,0
82,297,0
2,386,0
39,15,0
29,461,0
52,458,1
91,182,1
4,371,0
14,483,0
75,284,0
67,266,1
60,453,0
16,221,0
52,313,0
17,473,0
64,64,0
31,94,0
81,416,0
55,116,0
8,448,0
60,155,0
35,277,0
10,275,0
66,478,0
49,159,0
71,377,1
71,174,1
93,175,1
88,467,0
37,437,0
53,204,0
64,286,0
59,121,0
41,235,1
60,491,1
91,97,0
32,246,0
2,192,0
42,17,1
44,243,0
54,410,0
36,188,0
20,342,0
29,444,0
57,370,0
79,2,0
76,99,0
40,462,1
41,29,0
34,42,0
75,34,0
9,376,0
72,329,1
79,393,0
51,416,0
61,204,1
63,147,0
14,120,0
77,252,0
51,379,0
21,130,1
40,482,0
53,148,0
50,160,1
47,115,0
72,296,0
68,212,0
51,342,0
82,183,0
8,375,0
5,13,0
96,411,0
51,70,0
55,414,0
21,241,0
62,459,0
91,316,0
40,377,0
26,355,0
9,92,0
54,201,0
92,258,0
8,70,0
70,218,0
47,419,0
99,13,0
18,199,0
73,93,0
34,460,0
99,311,1
29,419,0
74,62,0
4,154,1
48,455,0
33,219,1
99,450,1
74,107,0
66,259,0
57,126,0
19,142,0
9,56,0
26,8,1
66,162,0
7,485,0
26,302,0
37,327,0
82,451,0
2,455,0
93,157,1
69,442,0
49,160,0
53,458,1
56,475,0
40,232,1
82,20,0
51,149,0
51,201,0
28,56,0
86,403,0
28,321,0
34,66,0
32,34,0
84,278,0
69,285,1
36,465,0
25,221,0
14,259,0
39,88,0
81,100,0
95,162,1
64,440,0
90,488,0
59,54,1
22,390,0
73,356,0
91,498,0
33,33,0
76,378,0
7,445,0
54,11,1
10,375,0
18,85,0
43,11,0
5,189,0
54,151,0
22,452,0
12,2,0
84,138,1
90,331,0
40,349,0
69,33,0
73,378,1
49,96,0
90,278,0
60,258,0
19,183,1
67,454,0
88,351,0
70,367,0
21,361,0
89,53,1
66,391,0
60,495,0
83,234,0
82,282,0
30,257,0
55,406,0
25,8,0
89,85,0
88,111,0
36,9,0
50,65,0
25,136,0
99,292,0
4,214,0
92,35,0
34,124,0
31,154,0
25,312,0
90,401,0
5,227,0
54,2,0
6,58,0
39,439,0
44,37,0
81,338,0
82,463,0
38,335,0
84,50,0
87,53,0
63,496,0
95,307,0
40,316,0
98,250,0
81,126,0
7,159,0
40,373,0
61,377,0
96,335,0
14,74,0
72,411,0
9,137,0
34,185,0
62,45,0
14,327,0
77,4,0
59,463,0
2,380,0
74,214,1
35,151,0
86,295,0
32,61,0
2,285,0
43,464,0
67,335,0
53,500,0
20,96,0
58,369,0
34,155,0
5,201,1
45,298,1
49,33,0
67,252,0
23,368,0
9,272,0
67,426,0
77,330,0
18,343,0
59,107,0
31,414,0
43,305,0
60,147,1
31,206,1
55,229,0
99,216,0
92,226,1
14,16,0
100,36,0
82,474,0
83,42,0
40,350,0
78,46,0
79,95,0
67,181,0
64,241,0
44,143,0
20,228,0
18,345,1
95,440,0
9,36,0
59,396,1
94,157,0
31,1,0
69,498,0
10,54,0
91,418,0
46,458,0
96,351,0
52,229,1
71,163,0
55,485,0
73,332,0
3,120,1
90,132,0
88,244,0
83,9,0
91,62,0
31,148,0
45,172,0
86,188,0
2,73,0
7,412,0
53,412,1
75,440,0
76,64,0
38,293,0
11,230,0
92,154,0
68,443,0
82,373,0
47,20,0
1,102,0
45,492,0
39,434,0
96,398,0
11,79,0
45,1,0
59,347,0
38,53,0
34,485,0
19,266,0
59,260,0
6,247,0
31,276,1
22,143,0
74,314,0
48,141,0
99,328,0
52,30,0
44,31,1
19,356,0
57,230,0
28,14,1
16,234,1
50,11,1
99,142,1
61,182,0
86,146,0
50,124,0
30,286,0
37,183,0
74,463,0
82,194,0
58,148,0
49,159,0
10,186,0
78,370,0
63,452,0
80,226,1
23,46,0
68,25,0
78,108,1
3,28,0
77,438,0
2,310,0
86,196,0
55,13,0
16,96,0
36,339,0
19,454,1
84,335,0
82,458,0
5,256,0
67,229,0
72,113,0
36,288,1
5,177,0
74,131,0
77,174,0
18,455,0
37,30,0
82,126,1
73,175,1
86,389,1
73,157,1
65,441,0
39,102,0
57,150,0
48,120,0
32,97,0
7,112,0
91,130,0
70,254,0
96,434,0
71,7,0
32,67,1
91,398,0
82,66,0
12,354,1
91,189,0
16,67,0
52,291,1
18,100,0
69,104,0
13,18,0
66,204,1
23,455,0
5,300,0
1,466,0
11,64,0
27,270,0
62,136,0
92,419,0
20,143,1
6,273,0
36,363,1
89,445,0
31,332,0
64,143,0
94,88,0
79,267,0
81,434,0
14,307,0
84,458,0
40,148,0
76,54,0
62,265,0
95,284,1
10,22,0
65,473,1
98,22,1
19,388,0
66,446,0
17,111,0
74,105,0
1,98,0
2,143,0
92,119,0
21,107,0
75,196,0
43,382,0
58,37,0
6,16,1
84,11,0
9,142,0
77,390,0
37,455,0
3,22,0
95,173,0
44,435,1
18,209,0
81,8,0
4,122,0
3,23,0
51,269,0
53,138,1
23,144,1
93,353,0
25,494,0
79,58,0
75,97,0
10,154,0
38,306,0
52,403,0
27,438,1
85,303,0
81,150,0
37,341,0
45,363,0
95,397,0
69,346,0
83,371,0
83,360,0
36,295,0
76,497,1
79,376,0
61,135,0
58,18,0
94,169,0
86,266,1
6,228,1
39,216,0
83,77,1
68,364,0
57,430,0
53,197,0
1,260,0
74,91,0
25,53,0
28,200,0
81,183,0
46,332,1
32,175,0
13,277,0
5,451,0
6,77,0
7,329,0
59,85,1
96,486,0
16,359,0
8,257,1
69,336,0
80,429,0
21,190,0
44,282,0
79,145,0
26,445,0
63,448,0
72,61,0
38,62,1
7,44,0
59,254,0
5,253,1
94,286,0
37,428,0
90,21,0
55,38,1
25,484,0
6,127,0
80,396,1
8,13,0
32,202,0
24,374,0
20,180,0
27,267,0
88,436,0
36,186,0
85,305,0
44,339,1
82,13,0
15,324,0
9,456,0
45,387,0
68,308,0
26,148,0
62,47,1
22,357,1
97,168,1
85,206,0
1,64,0
56,168,0
66,12,0
27,289,1
33,152,0
86,377,0
39,32,0
50,245,0
57,442,0
61,220,0
63,204,0
13,309,1
43,334,0
68,400,1
75,428,1
95,396,0
94,324,0
56,470,0
62,50,1
21,12,0
62,31,0
32,420,0
89,301,0
77,160,0
18,123,0
23,75,1
93,369,1
33,158,0
98,209,0
59,27,1
40,118,0
31,430,0
99,280,0
94,492,0
76,366,1
63,430,0
31,307,0
95,61,0
93,342,0
17,493,0
70,443,0
83,477,0
97,441,0
65,85,0
70,133,0
87,260,0
44,44,0
4,48,0
14,148,0
59,40,1
26,152,1
96,162,1
7,320,0
51,289,0
61,13,0
88,441,0
80,267,1
12,333,0
24,107,0
58,315,0
13,118,0
88,373,0
63,32,1
86,313,0
17,424,0
16,420,0
20,321,0
60,128,0
13,229,0
60,411,0
21,179,0
98,233,0
99,447,0
49,33,0
55,78,0
41,41,0
51,490,0
86,249,0
11,427,0
46,422,0
96,241,0
1,488,1
45,194,0
26,5,0
1,297,1
77,458,0
94,262,0
29,498,1
16,363,0
2,382,0
84,59,0
88,277,0
52,405,0
64,440,0
1,420,1
82,414,0
75,227,0
35,344,0
3,55,0
27,110,0
86,39,0
16,25,0
21,69,0
60,55,0
61,285,1
24,64,0
56,230,0
91,128,0
9,329,0
8,362,0
20,319,0
71,391,0
16,120,0
10,401,0
6,195,0
46,198,0
73,124,0
37,33,0
15,199,0
18,145,0
78,468,0
88,193,0
60,260,0
22,215,0
60,198,1
48,457,0
29,414,0
74,55,0
1,39,0
97,104,0
94,129,0
14,147,0
1,126,0
32,192,0
43,340,0
36,19,0
71,212,0
47,426,0
59,48,0
89,50,0
63,201,0
16,275,0
21,486,0
67,386,0
60,21,0
32,114,0
14,261,0
28,445,0
18,31,1
12,412,0
24,264,0
3,155,0
49,381,0
3,207,0
98,328,0
79,374,1
15,431,0
79,152,1
74,436,0
25,227,0
38,301,0
37,127,1
59,487,0
81,387,0
50,388,0
79,471,0
55,254,0
72,441,0
71,181,1
82,495,0
77,398,0
7,190,1
20,206,0
97,273,0
98,319,0
67,269,0
55,305,1
18,476,0
23,69,0
59,345,0
33,272,0
71,48,0
76,213,0
20,332,0
84,411,0
50,458,0
62,107,0
41,121,0
81,24,0
91,481,0
30,301,0
66,198,0
46,28,0
77,467,0
44,342,1
83,266,1
51,288,0
25,25,0
45,430,0
14,19,0
80,234,0
17,466,0
5,16,0
2,78,0
61,473,0
91,164,0
64,41,1
30,65,0
34,61,0
85,8,0
91,54,0
34,179,0
70,379,0
39,110,0
59,465,0
46,367,0
11,27,0
100,234,0
60,197,0
57,126,0
39,453,0
43,430,0
83,285,0
64,473,0
66,100,1
16,165,0
18,17,0
42,202,0
11,455,0
96,323,0
59,103,1
46,4,0
52,154,0
85,367,0
62,248,1
98,102,0
16,498,1
18,251,0
27,145,0
79,166,0
13,87,0
67,308,1
51,472,0
82,87,0
65,142,0
47,300,0
79,326,0
43,340,0
45,483,1
55,342,0
92,461,0
97,235,1
92,307,0
31,14,1
35,410,0
27,409,0
13,407,0
91,36,1
8,123,1
38,254,0
65,168,0
49,8,0
43,473,0
73,105,0
83,460,1
46,475,0
66,445,0
55,424,0
1,272,0
12,443,0
14,80,0
22,405,0
7,321,0
47,199,0
16,286,1
2,136,0
20,254,1
62,356,1
87,457,0
41,346,0
23,347,0
85,95,0
57,7,0
66,197,1
76,78,0
25,85,0
20,40,1
18,97,0
100,57,0
5,439,0
63,84,0
54,249,0
2,299,0
21,375,0
74,127,0
50,222,0
69,414,0
70,495,0
79,195,0
58,446,0
2,487,0
97,270,0
81,8,0
95,422,0
41,259,0
12,262,0
14,356,0
34,475,0
83,359,0
55,480,0
18,249,1
65,266,0
38,480,0
27,61,0
25,203,0
68,94,0
1,255,0
88,104,0
69,251,0
4,462,0
53,428,0
15,324,1
44,410,0
89,476,0
17,345,0
37,8,0
77,454,0
49,397,0
90,127,0
95,290,1
37,21,0
78,445,0
3,408,0
24,77,0
51,437,0
65,18,0
96,470,0
60,126,0
89,66,0
59,285,0
96,26,0
91,479,1
75,408,0
13,412,1
10,155,0
14,474,0
35,263,0
39,418,1
37,500,0
97,372,0
90,433,0
37,443,0
82,270,0
55,82,0
62,23,0
61,466,0
1,228,1
52,381,0
36,45,0
27,455,0
85,401,0
32,440,0
44,86,0
49,139,1
98,417,0
34,416,0
24,480,0
97,219,0
44,487,0
24,414,0
44,369,0
20,317,1
42,303,0
20,108,0
35,202,1
82,244,0
26,41,0
89,254,0
77,94,0
9,62,1
55,495,0
93,199,0
26,93,0
91,91,0
3,158,1
26,29,0
68,292,0
74,453,0
52,144,0
7,117,0
31,386,0
78,366,0
19,317,0
16,317,0
96,301,1
13,121,0
88,395,0
91,101,0
90,57,0
64,132,0
37,139,0
35,123,1
26,325,1
50,100,0
91,131,0
56,364,0
10,203,0
51,113,0
57,56,0
20,246,1
88,205,1
72,94,0
72,22,0
95,43,0
86,389,1
33,400,0
44,468,0
12,25,0
1,157,0
26,338,0
89,118,0
18,401,0
50,109,0
49,483,0
34,351,0
2,373,0
29,403,1
26,49,0
70,185,0
31,420,0
98,324,0
1,125,0
77,420,0
89,31,0
96,87,1
6,81,0
2,40,0
20,396,0
87,92,0
67,414,1
42,446,0
48,62,0
30,310,1
2,82,0
99,485,0
32,240,0
29,83,0
75,41,0
10,316,0
21,305,0
96,375,0
7,356,0
54,336,0
20,444,0
40,1,0
94,325,0
8,394,0
87,483,0
27,336,0
31,472,0
2,318,0
2,437,0
42,244,1
81,324,0
92,64,0
68,203,0
28,153,0
37,29,1
8,432,0
19,175,0
78,269,0
46,205,0
90,288,0
23,209,0
27,192,1
88,225,0
67,266,1
20,403,0
91,7,0
52,301,1
56,455,1
87,58,0
36,153,0
85,366,0
66,419,0
67,161,0
60,245,1
80,353,0
54,334,1
66,209,0
30,149,0
93,425,0
84,418,0
32,215,0
87,456,0
84,443,0
19,143,0
91,11,0
91,179,0
65,29,0
10,57,1
37,282,1
18,451,0
16,358,0
32,53,0
18,120,0
94,239,1
36,299,0
89,435,0
39,258,1
86,78,0
10,497,0
90,303,0
12,57,0
37,85,0
6,340,1
27,186,0
19,490,0
87,152,0
88,405,0
52,145,0
86,12,0
82,65,0
29,339,0
57,33,0
51,97,0
99,435,0
100,73,0
80,430,0
67,159,0
83,394,0
88,369,0
72,111,0
10,12,0
89,286,0
92,187,0
90,57,0
26,462,0
19,454,1
9,265,0
59,205,0
98,393,0
5,487,0
47,383,0
38,463,1
34,119,0
19,260,0
71,447,0
79,474,0
43,437,0
28,127,0
48,463,0
84,360,0
81,272,0
24,99,0
75,348,0
62,347,0
87,451,0
94,119,1
29,109,0
100,23,1
18,416,0
59,49,0
56,263,0
60,262,0
11,27,0
23,70,0
66,289,0
50,209,0
11,98,0
11,90,0
8,423,0
48,336,0
34,11,0
46,206,0
39,11,1
69,220,1
81,471,0
32,446,0
48,370,0
78,424,0
52,227,0
8,316,0
67,430,1
30,474,0
11,11,0
77,157,0
84,99,0
4,483,0
42,320,0
29,443,0
22,123,0
3,223,0
6,478,0
87,405,0
19,424,0
51,468,0
14,436,0
92,202,0
66,480,0
30,195,0
15,463,0
26,312,0
21,24,0
20,451,0
21,63,0
59,76,0
75,432,0
98,198,0
30,74,1
10,33,1
68,379,1
34,232,0
62,141,0
42,248,0
34,209,1
50,169,0
82,274,0
79,18,0
70,381,0
60,296,0
34,52,1
79,377,0
20,31,0
23,41,0
3,449,0
8,101,1
55,69,0
64,452,0
21,43,0
35,372,0
53,288,0
99,218,0
76,248,0
17,276,1
47,491,0
83,208,0
46,381,0
29,367,1
88,148,0
21,209,1
81,373,0
55,454,0
41,386,0
30,43,1
48,477,0
64,359,0
34,206,0
94,361,0
5,464,0
80,404,0
37,477,0
43,442,0
51,196,0
67,69,0
70,122,0
75,310,1
82,413,0
35,325,0
55,406,0
19,324,0
41,473,0
60,203,0
98,480,0
11,352,0
56,24,0
4,291,0
15,68,0
14,30,0
26,14,0
9,473,0
73,468,0
66,299,0
81,70,0
32,83,0
64,47,0
24,500,0
37,379,0
87,324,0
81,260,1
26,41,0
49,220,0
14,234,0
100,161,0
43,86,0
95,67,0
30,38,0
68,397,0
35,182,0
94,133,1
86,482,0
10,333,0
34,203,0
47,203,1
46,339,1
74,448,0
45,304,0
65,416,1
90,497,0
8,440,1
36,319,0
11,291,0
74,387,1
20,289,0
89,175,0
58,497,0
33,191,0
77,383,1
44,182,1
41,398,1
25,109,0
83,387,0
75,390,1
50,383,0
54,116,0
40,265,0
89,267,0
9,96,0
82,362,1
62,105,0
13,498,0
24,357,0
21,112,0
51,148,0
86,294,0
67,490,0
6,229,0
27,411,0
23,464,0
91,10,1
90,361,0
97,347,0
97,342,0
58,184,1
86,126,0
3,207,0
90,481,0
61,480,1
60,361,0
47,97,0
65,224,1
66,75,0
82,425,0
20,415,0
97,90,1
30,57,0
36,314,0
75,465,0
86,443,0
36,481,0
18,284,1
62,392,0
94,15,0
95,448,0
44,195,0
69,191,0
63,32,0
28,19,0
31,305,0
99,269,0
12,16,0
49,67,0
58,229,0
35,124,0
76,24,0
83,375,0
38,335,0
93,169,0
52,451,0
57,151,0
8,408,0
57,282,0
62,149,1
22,381,0
18,273,0
55,362,0
10,35,0
71,279,1
60,277,0
79,238,0
62,336,1
3,237,1
18,19,0
8,275,0
64,64,0
72,472,0
14,404,1
7,283,0
94,308,0
85,374,0
11,122,1
2,494,0
10,426,0
97,414,0
98,136,0
15,481,0
8,354,0
54,412,0
62,63,0
59,166,0
78,400,0
12,446,0
51,17,0
94,206,0
84,49,0
66,161,0
42,167,0
36,275,0
37,346,0
94,380,0
64,462,1
37,417,0
28,194,0
47,361,1
46,100,1
71,356,0
67,432,0
10,267,0
29,221,0
53,50,0
64,452,0
21,105,0
39,66,0
84,173,0
56,225,0
87,201,0
97,332,0
42,12,0
25,329,0
60,228,0
71,74,0
33,174,0
73,325,0
64,391,0
82,42,0
11,250,1
26,390,0
76,290,0
97,483,0
9,44,0
87,412,0
87,426,0
79,19,0
53,208,0
40,242,0
83,157,0
27,251,0
82,306,1
77,500,0
44,454,0
85,232,0
69,59,0
55,407,0
20,326,0
13,336,1
6,170,0
76,265,0
2,160,0
72,375,0
97,442,0
86,321,0
42,185,1
44,400,0
5,294,0
33,355,0
3,215,0
43,170,0
22,22,0
69,138,0
67,321,0
76,249,1
97,253,0
41,484,1
52,24,0
27,3,0
96,349,1
45,205,1
22,139,0
5,454,0
30,232,0
75,463,0
83,332,0
65,337,0
78,30,0
74,9,1
23,434,0
82,300,0
71,178,0
37,255,1
27,177,0
75,322,1
69,329,0
98,129,0
10,381,0
66,115,0
60,6,0
71,247,0
100,272,0
96,245,0
4,244,0
71,497,0
40,223,0
28,178,0
43,21,0
11,307,0
86,84,0
32,23,0
69,33,0
25,451,0
72,228,0
47,247,0
70,332,0
43,438,0
44,52,0
80,445,0
40,450,1
6,111,0
27,20,0
53,479,1
4,68,0
42,228,1
28,412,0
89,308,0
43,352,1
30,81,0
84,42,0
83,210,0
59,56,0
28,112,0
39,413,0
21,112,0
26,291,1
34,148,1
95,296,0
67,172,0
84,172,0
33,489,0
3,79,0
76,329,0
93,137,0
9,227,1
29,72,0
46,17,0
4,392,0
55,424,0
57,243,0
87,423,1
33,178,1
5,236,0
75,267,0
72,452,0
28,400,0
10,18,0
56,42,0
13,374,0
45,360,0
9,382,0
32,39,0
72,64,0
33,249,0
26,28,0
41,228,1
73,451,0
18,369,0
92,102,0
94,112,0
13,491,0
90,431,1
95,368,1
89,300,1
8,244,0
6,142,0
38,32,0
100,57,0
43,143,0
80,140,1
33,181,0
64,186,0
11,403,0
73,56,0
8,380,0
78,352,0
59,277,0
88,130,0
10,152,0
54,139,0
29,132,0
4,287,0
65,368,1
49,405,0
11,390,0
96,88,0
27,424,0
66,107,0
22,331,0
60,161,1
30,153,0
74,118,0
86,150,0
58,211,0
6,212,0
8,266,0
82,333,0
68,439,0
8,54,1
19,393,1
61,2,0
47,64,0
25,356,0
66,345,0
5,415,0
29,83,0
77,193,0
62,254,0
36,330,0
56,144,0
20,117,0
74,279,0
22,76,0
13,35,0
32,65,0
68,286,0
51,48,0
5,70,0
82,449,0
36,102,0
3,221,1
40,195,0
51,102,0
98,498,0
70,346,0
36,322,0
6,427,0
14,230,0
59,476,0
91,109,0
20,39,0
35,22,0
27,342,0
4,21,1
1,79,0
25,425,0
4,248,1
67,90,0
32,297,0
75,319,0
26,131,0
42,126,0
63,131,0
51,408,0
97,477,1
60,114,0
71,137,0
3,69,0
88,277,0
75,177,0
17,36,0
43,136,0
65,410,1
77,245,0
34,449,0
44,489,1
44,298,0
34,21,0
88,388,0
34,189,0
12,228,0
14,61,0
12,261,0
76,366,1
46,476,0
40,437,0
59,268,0
22,357,1
58,236,1
29,482,0
78,135,1
1,464,0
21,468,0
3,64,0
41,138,0
41,54,0
30,375,0
50,94,0
44,345,0
7,222,0
48,93,0
93,350,0
56,216,1
14,150,0
68,397,0
34,116,1
89,423,1
14,331,1
95,71,0
7,187,1
77,266,0
83,296,1
99,360,1
24,311,1
20,278,0
28,55,0
49,365,0
53,254,0
80,367,0
2,80,0
51,46,0
69,24,0
67,459,0
12,136,0
12,399,0
39,204,0
9,161,0
66,350,0
25,408,0
86,203,0
38,344,0
85,372,0
70,236,0
73,436,0
49,98,0
59,235,0
43,454,0
45,381,0
24,336,0
68,278,1
100,84,0
21,302,0
12,302,0
79,175,0
72,239,1
61,231,0
44,13,0
49,379,1
30,350,0
2,493,0
14,92,0
52,262,0
5,259,0
10,105,0
52,317,0
25,113,0
12,13,0
25,30,0
21,443,0
75,98,0
86,184,0
40,253,0
53,35,0
41,382,0
99,109,0
15,60,0
32,389,0
27,117,0
76,169,0
22,420,1
97,408,0
25,85,0
33,152,0
38,232,0
39,230,0
29,259,0
97,360,0
14,28,1
13,48,0
87,129,0
46,124,0
40,213,0
92,65,1
63,328,1
40,139,0
74,484,0
82,171,0
23,268,1
71,121,0
28,167,0
32,469,1
100,56,0
12,87,1
82,7,0
78,218,1
21,232,0
36,255,0
96,403,1
39,204,0
69,322,0
22,363,0
89,192,0
3,292,0
41,83,0
58,312,0
80,205,0
69,99,0
25,31,0
93,377,0
18,291,0
80,263,0
2,469,0
40,326,0
18,105,0
12,494,0
29,327,0
99,89,0
8,282,0
25,237,0
89,10,0
96,2,0
85,47,0
47,4,0
40,43,0
55,429,0
48,303,0
36,108,1
20,273,0
86,245,0
21,219,0
44,364,0
69,448,0
37,147,0
36,438,0
61,141,0
57,350,0
50,177,0
9,444,0
72,325,0
59,366,0
23,185,0
19,470,0
35,437,0
55,333,0
85,341,0
75,343,0
72,488,0
62,414,0
52,326,0
85,51,1
17,125,0
57,158,0
11,309,0
33,81,1
66,376,0
99,118,0
12,184,0
58,77,0
64,22,0
39,128,0
19,393,1
2,357,0
92,437,0
64,416,0
73,348,0
29,233,0
66,447,0
85,160,0
2,366,1
90,255,0
30,272,0
38,83,0
68,279,0
92,75,0
56,307,1
51,150,0
64,428,0
24,178,0
64,348,0
73,395,0
74,162,0
37,304,0
10,303,0
86,368,0
34,438,0
85,500,0
82,188,0
32,347,0
23,454,0
96,306,0
48,431,0
84,115,0
81,244,0
61,494,0
28,200,0
27,61,0
45,462,0
73,489,1
53,134,0
68,421,0
17,465,0
42,406,0
32,420,0
4,425,0
57,493,0
89,286,0
70,497,0
51,390,0
58,179,1
5,293,1
35,268,1
77,65,0
95,104,1
13,4,0
31,30,0
36,419,0
24,112,0
56,152,0
88,415,0
3,289,0
17,224,1
12,272,0
14,12,0
33,290,0
39,360,0
14,209,0
66,123,0
56,55,0
41,499,0
19,133,0
24,497,0
29,251,0
19,52,0
81,5,0
69,372,1
51,118,0
66,25,0
60,388,0
22,138,0
60,56,1
15,16,0
75,73,0
80,246,0
32,325,0
41,309,0
23,464,0
68,208,0
43,246,0
41,69,0
39,442,0
76,106,0
80,162,0
58,120,0
31,124,0
41,266,0
51,280,1
66,165,0
9,401,1
57,250,0
17,447,0
45,226,0
35,398,0
11,309,0
91,37,0
71,284,1
11,402,0
3,278,0
82,324,0
6,461,0
34,122,0
58,4,0
6,287,0
42,193,0
97,398,0
31,36,0
91,294,0
99,226,0
40,440,1
56,204,1
85,424,0
3,464,0
68,437,1
26,335,0
9,458,0
62,197,0
88,137,0
17,10,0
5,224,0
32,384,0
48,465,0
37,269,0
75,81,0
94,122,0
63,2,0
69,365,0
76,275,0
46,371,0
58,33,0
40,126,1
75,191,1
53,168,0
44,437,0
80,452,1
98,257,0
75,273,0
98,349,1
9,15,0
84,426,0
92,428,1
14,257,0
26,440,0
7,473,0
62,383,0
39,405,0
72,457,0
84,133,0
96,220,0
69,20,0
51,143,0
81,314,0
80,95,0
45,347,0
56,151,1
28,335,0
56,459,0
21,478,0
55,78,0
2,288,0
59,479,0
34,485,1
60,220,1
40,334,0
75,131,0
48,483,0
5,41,0
64,361,0
40,278,0
36,244,0
58,360,0
100,198,0
88,248,0
68,102,0
40,69,0
92,64,0
76,382,0
83,267,0
86,255,0
65,49,0
41,401,1
26,234,0
68,380,0
87,385,0
45,106,0
48,424,0
61,245,0
50,300,0
12,265,1
33,160,1
88,229,0
15,227,1
23,400,0
49,476,0
53,46,0
28,125,0
14,363,0
70,442,0
77,66,0
19,336,0
43,326,0
59,455,0
23,177,0
62,96,1
66,3,0
8,447,0
85,38,0
53,386,0
35,311,1
21,141,0
88,276,0
20,193,0
47,17,0
73,16,0
88,260,0
65,307,0
52,20,1
46,198,0
61,422,0
67,496,0
25,115,0
57,263,0
30,258,0
79,196,0
62,109,0
79,437,0
67,453,1
24,214,0
100,140,0
84,481,0
88,222,0
9,82,0
75,376,1
18,456,0
16,66,0
92,337,0
17,17,0
15,449,1
29,192,0
35,185,1
58,497,0
18,390,0
8,141,0
7,412,0
46,232,0
73,490,1
8,100,0
22,288,0
90,488,1
87,58,1
26,175,1
25,400,0
5,103,0
50,378,0
14,431,0
57,169,0
1,152,0
40,419,0
35,320,0
40,193,0
18,444,0
2,102,0
26,322,0
93,177,0
34,157,0
31,303,0
6,237,0
13,190,0
96,5,0
67,483,1
95,442,1
28,69,0
74,470,1
20,269,0
2,230,0
49,139,0
86,166,0
19,486,0
80,108,0
42,140,0
68,150,0
28,396,0
94,77,0
72,481,0
57,10,0
69,34,0
3,323,0
94,478,0
1,319,0
47,450,1
40,375,0
73,327,0
75,271,1
63,276,0
37,353,1
14,220,1
38,321,0
22,322,0
97,404,1
91,407,0
35,350,0
29,291,0
83,142,0
88,272,0
55,491,1
9,454,0
20,365,0
63,278,0
98,248,0
26,8,0
13,301,0
93,477,1
55,92,0
21,99,0
54,267,0
75,243,0
83,92,0
96,365,0
31,195,0
30,234,0
12,32,1
21,328,0
83,120,0
35,287,0
72,56,0
70,162,0
96,259,1
85,132,0
30,464,0
95,315,0
58,433,1
44,291,0
2,500,0
45,79,0
45,350,0
15,164,0
7,126,0
99,312,0
52,98,0
56,475,0
67,98,0
79,455,0
29,249,1
35,360,0
30,165,1
81,128,0
25,449,0
23,205,0
14,166,0
6,441,0
71,273,1
2,260,0
20,46,0
8,294,0
80,9,0
13,412,0
69,48,0
51,122,0
53,80,0
78,457,0
78,223,0
10,329,0
49,263,0
1,178,1
31,164,0
58,344,0
52,39,0
39,103,0
74,392,0
80,172,1
68,41,0
18,49,0
58,242,0
36,153,1
92,86,0
81,38,0
19,421,0
68,195,1
3,28,0
35,92,0
26,139,1
98,337,0
38,328,0
36,494,0
75,218,0
47,346,0
65,102,0
45,136,0
15,488,0
35,252,0
65,9,0
35,192,0
94,329,0
43,383,0
29,194,0
16,363,0
80,373,0
63,462,0
82,295,1
4,454,0
99,298,1
11,82,0
45,498,0
76,101,0
19,285,0
81,165,0
35,259,0
44,338,0
15,277,1
3,477,0
9,268,1
33,342,0
62,43,1
56,210,0
49,389,0
33,439,0
45,48,1
94,367,0
66,47,0
37,352,0
20,192,0
82,82,0
50,337,0
8,343,0
45,85,0
2,259,0
78,475,0
74,215,0
4,72,0
32,342,1
70,79,0
100,346,0
24,486,1
4,176,0
64,193,0
21,387,0
70,296,0
23,240,0
2,108,0
17,51,0
26,369,0
31,496,0
92,1,0
11,216,0
4,88,1
22,69,0
27,479,0
18,180,0
81,493,0
30,98,0
9,346,0
45,116,0
61,17,1
16,494,0
42,42,0
74,412,0
78,462,0
92,321,0
52,402,0
24,446,0
34,242,0
79,54,0
43,343,0
72,255,0
21,454,0
52,106,0
22,11,0
51,65,0
81,228,0
58,104,0
28,348,0
96,347,0
49,376,0
8,292,0
98,286,0
43,294,0
52,130,0
27,195,1
91,194,0
21,238,0
59,68,1
36,461,0
1,10,0
70,432,1
24,38,0
75,468,0
44,180,0
30,273,0
72,314,1
97,413,0
52,446,0
2,46,0
71,219,0
54,171,0
43,164,0
91,313,0
23,290,0
69,260,0
69,392,0
20,118,0
39,342,0
78,71,0
80,416,0
2,263,0
47,266,0
66,448,0
61,435,0
52,205,0
54,327,0
51,186,0
52,356,0
1,32,0
9,414,0
10,189,0
53,139,0
29,418,0
27,283,0
26,92,0
96,354,0
83,296,0
84,340,0
21,349,0
51,21,0
48,73,0
8,458,0
43,96,0
1,427,0
88,273,0
6,413,1
68,156,0
38,376,0
53,282,1
29,378,1
46,61,0
12,114,0
50,339,1
69,490,0
71,102,0
33,366,0
7,426,1
29,418,0
34,214,0
58,311,0
15,366,0
45,416,0
48,71,0
12,170,0
22,223,1
47,273,0
37,368,0
32,213,0
74,32,0
36,280,0
43,268,0
18,237,0
10,79,0
45,169,0
85,486,1
34,376,0
72,80,0
91,472,1
1,259,0
42,401,0
25,423,0
25,140,0
49,419,0
97,408,1
87,446,0
2,389,0
73,194,0
79,57,0
56,178,1
83,272,0
13,45,1
70,293,0
69,171,0
11,294,0
62,72,0
7,79,1
75,273,0
98,51,0
48,264,0
8,184,0
93,113,0
84,71,0
3,188,0
46,48,0
36,214,1
91,191,0
40,472,1
74,359,0
85,80,0
89,91,0
27,404,0
54,427,0
54,122,0
96,254,0
90,410,0
90,89,0
44,107,0
95,3,0
38,453,1
44,345,1
64,32,0
83,474,0
19,308,0
3,128,0
36,241,0
5,92,0
55,269,0
61,473,0
33,403,1
76,139,0
85,56,0
69,242,0
97,345,0
19,416,1
84,218,0
41,9,0
16,499,0
10,384,0
2,131,0
45,419,0
28,215,0
55,87,1
25,490,0
100,353,1
45,18,0
39,43,0
52,133,0
53,30,1
90,464,0
77,238,0
96,46,0
60,113,0
5,374,0
65,389,0
65,444,0
89,262,0
65,226,1
35,404,0
78,389,0
75,79,0
26,47,0
74,298,0
94,239,1
52,364,0
33,93,0
55,471,0
66,292,0
83,377,1
56,43,0
43,442,1
90,134,0
60,364,0
55,424,0
97,62,0
60,202,0
10,210,0
16,274,0
35,398,0
18,467,0
4,404,0
62,87,0
14,132,0
77,70,0
71,489,0
40,230,0
20,245,0
99,1,0
96,447,0
3,291,0
7,46,0
87,253,0
15,401,0
90,12,0
58,208,0
29,362,0
58,154,0
20,85,0
88,82,0
36,94,0
57,22,0
88,327,0
48,353,0
5,181,0
94,325,0
7,53,0
93,260,1
39,284,0
5,336,0
97,8,0
15,337,1
15,325,0
74,121,0
34,135,0
19,452,0
47,140,0
13,239,0
16,91,1
33,363,0
26,331,0
89,60,0
12,173,0
41,485,0
92,424,1
30,168,0
69,373,0
29,40,1
86,461,0
79,287,1
43,491,1
6,49,0
19,125,1
54,87,0
8,12,0
35,152,0
47,206,1
92,443,0
75,346,0
32,151,1
58,23,0
62,81,0
81,223,0
50,481,1
54,147,0
56,56,0
100,1,0
48,236,0
6,406,0
21,372,0
55,286,0
86,428,0
32,314,1
61,88,0
3,255,0
30,15,1
86,279,0
70,101,0
16,341,0
51,494,0
4,226,0
51,380,0
97,135,0
51,138,1
70,18,0
70,390,0
85,311,1
94,96,0
43,193,0
85,138,0
27,63,1
47,245,0
13,439,0
40,253,0
77,348,0
61,366,0
9,60,0
99,285,1
39,150,1
52,415,0
7,99,0
34,34,0
80,397,0
38,204,0
13,2,1
87,208,0
9,391,0
48,359,0
15,470,1
24,328,0
60,364,0
35,429,0
40,135,0
21,95,1
92,232,1
64,400,0
38,299,0
46,446,0
13,22,0
51,63,0
26,425,0
2,355,0
15,495,0
14,120,0
52,371,0
52,486,0
39,188,0
8,247,0
13,69,0
67,482,0
21,124,0
97,14,1
100,388,0
93,49,0
57,184,0
3,168,1
6,32,0
91,299,0
80,86,0
27,169,1
1,48,0
67,149,0
43,234,0
36,160,0
30,420,1
23,293,0
74,31,0
69,362,0
100,441,0
78,298,0
81,428,0
54,275,0
9,283,0
82,114,0
68,392,0
40,367,0
29,70,0
34,289,1
45,340,0
54,45,1
68,323,0
97,70,0
47,272,0
55,425,0
69,374,1
86,352,0
43,272,1
65,179,0
57,434,0
6,430,0
32,155,0
78,495,0
7,326,0
47,96,0
100,71,0
60,239,1
19,311,0
76,366,0
60,338,0
66,163,0
40,247,0
42,45,0
49,32,0
3,11,0
11,18,0
23,499,0
93,241,0
52,455,0
76,143,0
88,87,0
58,182,1
47,74,0
8,423,0
50,483,0
17,353,0
25,454,0
72,138,0
47,102,0
91,396,0
46,153,0
86,425,0
24,386,1
1,81,0
82,179,0
10,379,0
48,204,1
44,261,0
77,490,0
63,466,0
96,88,0
56,105,0
12,416,0
11,23,0
35,221,0
85,438,0
91,488,0
73,266,0
35,59,0
16,118,0
65,399,0
68,58,0
84,118,0
18,500,0
38,408,0
13,68,1
79,306,0
86,52,1
60,118,0
63,58,0
43,408,0
50,347,0
97,358,0
48,362,1
49,481,0
36,21,0
65,364,0
19,420,0
95,262,0
33,81,0
89,116,0
92,454,0
50,345,0
71,172,0
91,466,0
58,437,0
88,438,0
31,70,0
92,333,0
77,452,0
72,243,0
54,110,0
91,425,0
62,451,0
66,3,0
36,464,0
63,468,0
98,179,0
8,464,0
24,32,0
13,108,0
34,351,1
8,281,1
9,446,0
94,244,0
91,302,0
3,43,0
66,434,0
48,287,0
36,144,1
75,41,0
21,103,0
66,258,1
64,268,0
24,395,0
36,19,0
94,312,0
59,350,0
43,110,0
80,23,1
84,165,1
17,181,0
81,249,1
91,241,0
87,257,0
94,355,0
38,480,0
86,172,1
73,122,0
78,454,0
17,481,0
8,239,1
8,3,0
20,439,0
70,22,0
20,188,0
98,343,0
33,235,0
55,180,0
43,194,0
52,300,0
100,106,0
61,460,1
27,103,0
19,204,0
19,243,0
32,394,0
51,496,0
21,139,0
9,101,0
19,191,0
50,209,0
48,453,0
44,256,1
83,184,0
25,448,0
33,452,0
38,3,0
51,10,0
98,45,0
18,115,0
81,401,0
98,215,0
31,50,0
42,343,1
19,217,0
6,248,0
54,180,0
24,7,1
84,496,0
40,268,0
28,202,0
13,114,0
8,420,0
13,208,0
65,417,0
71,185,0
86,488,0
73,75,1
82,112,0
55,316,0
85,423,0
74,436,0
38,463,0
61,348,0
97,497,0
2,460,0
12,303,0
78,144,0
39,349,0
82,141,0
95,347,0
28,142,0
98,416,1
15,177,0
50,26,0
83,287,0
56,439,0
25,349,0
12,92,0
31,471,0
20,136,0
89,379,0
47,309,0
29,437,0
28,153,0
76,341,0
38,61,0
41,336,0
1,59,0
34,416,0
79,310,0
12,303,0
66,315,0
7,64,0
71,317,1
87,299,0
23,253,1
39,307,0
41,463,0
33,246,0
50,41,1
12,457,0
24,373,0
14,284,0
8,280,1
43,247,1
18,265,0
29,223,0
50,400,0
50,277,1
41,281,0
15,378,0
90,102,0
38,331,0
47,454,0
83,359,0
23,341,1
87,3,0
17,500,0
2,484,0
49,264,1
61,458,1
9,294,0
36,178,1
8,157,0
39,97,1
74,344,0
35,35,1
60,120,1
18,23,0
17,154,1
8,325,0
61,313,1
24,24,0
51,461,0
71,364,0
64,462,0
23,432,1
43,113,1
54,451,0
47,138,0
50,495,1
93,221,0
91,404,0
99,360,0
37,50,0
84,134,0
61,226,0
39,38,0
92,82,0
16,108,0
88,90,0
14,406,0
24,468,0
48,496,0
85,183,0
64,201,0
84,393,0
85,300,0
72,79,0
93,316,0
56,429,0
47,221,0
7,219,0
47,184,0
32,86,0
24,383,0
18,76,0
81,449,0
53,452,0
14,284,1
44,428,0
59,397,0
41,352,0
35,338,0
79,204,1
83,426,1
28,157,0
67,480,0
20,103,0
92,253,0
74,299,0
78,146,0
23,187,0
64,51,1
74,128,0
57,411,1
91,399,0
33,404,0
9,410,0
81,493,0
68,364,0
5,239,0
89,180,0
96,369,0
7,451,0
34,340,1
61,10,0
91,257,0
1,313,0
84,131,0
79,100,1
53,415,1
36,354,0
47,253,0
22,380,0
52,491,0
44,332,0
91,38,0
51,271,0
40,303,0
35,283,0
28,246,0
69,46,1
16,144,0
6,12,1
65,121,0
32,186,0
66,403,0
30,12,1
85,127,0
84,342,0
95,334,0
8,198,0
46,317,0
57,210,0
73,315,0
93,305,0
76,209,0
11,58,0
79,391,0
21,267,1
30,105,1
42,97,1
76,229,0
29,442,0
78,477,0
31,462,0
61,460,0
25,374,0
68,176,0
47,253,0
30,16,1
56,275,0
17,77,0
52,389,0
3,477,1
1,34,0
70,486,0
99,42,0
5,366,0
20,303,0
50,377,0
86,199,0
31,181,0
88,372,1
63,189,0
77,57,0
35,280,1
75,149,0
93,96,0
61,278,0
68,163,0
100,277,0
75,239,1
75,219,1
24,49,1
64,339,0
47,119,0
9,444,0
5,369,0
76,116,0
1,319,0
4,366,0
70,182,0
11,303,0
99,321,0
4,428,0
31,167,0
12,119,0
92,273,0
98,61,1
9,346,0
56,40,0
8,343,0
99,154,1
93,151,0
54,192,1
30,217,0
15,13,0
48,93,0
19,306,0
41,295,1
26,368,0
71,306,0
24,464,0
89,66,1
74,66,0
67,416,0
42,316,0
78,167,0
31,84,0
19,196,0
53,429,1
43,87,0
100,160,0
95,378,0
85,129,0
22,488,0
18,123,1
81,195,0
36,222,1
27,421,0
5,212,0
40,53,1
4,142,0
100,91,1
97,402,1
5,353,0
66,13,0
34,216,0
84,214,0
41,441,0
38,87,0
100,396,0
62,26,0
69,499,0
24,143,0
99,457,0
81,34,0
51,475,1
58,279,1
79,122,0
43,247,0
39,197,0
54,370,0
39,296,1
72,221,0
1,177,0
17,353,1
14,373,0
44,449,0
65,202,0
45,481,0
71,324,0
99,88,0
24,265,1
97,108,0
96,360,0
37,333,0
44,224,0
83,220,0
4,438,0
39,107,0
92,172,0
7,253,0
51,190,0
62,497,0
75,338,0
79,252,1
20,438,0
63,154,0
4,163,0
74,303,0
3,408,0
32,139,0
13,319,0
32,51,0
7,78,1
43,281,0
79,252,0
4,206,0
33,357,0
63,459,0
93,1,0
59,380,0
42,34,0
80,446,0
73,240,0
7,442,0
50,347,0
36,372,0
65,124,0
58,234,0
67,240,0
99,27,0
79,429,0
84,197,0
34,194,0
40,205,0
74,402,0
61,471,0
65,173,0
50,287,0
75,498,0
95,139,0
26,320,0
20,56,0
32,418,0
35,432,0
36,204,1
40,461,0
60,434,0
20,342,0
47,180,0
5,164,1
88,484,0
45,461,1
14,408,0
77,384,0
55,455,0
50,411,0
26,466,0
43,387,0
77,456,0
25,89,0
63,42,0
13,241,0
48,117,1
56,148,0
78,233,0
27,380,0
58,229,0
87,343,0
31,271,0
69,142,0
90,342,0
62,203,0
80,103,0
90,444,0
65,315,0
87,64,0
42,477,0
33,210,0
94,447,0
64,121,0
25,93,0
96,319,0
82,483,0
71,188,0
31,339,0
99,36,0
29,493,0
25,121,0
92,141,0
10,156,0
67,128,0
52,453,0
2,172,0
16,445,0
65,423,0
41,149,1
58,236,0
71,58,0
90,93,0
34,29,0
89,49,0
56,14,0
62,269,0
59,102,0
46,87,0
75,13,0
29,411,0
88,259,0
47,166,0
70,288,0
26,18,0
8,202,0
41,173,0
26,447,1
13,231,0
59,10,0
100,111,0
19,59,1
30,5,1
4,63,0
26,60,0
8,441,1
42,71,0
57,436,0
82,180,0
27,446,0
81,298,0
43,114,0
12,281,0
70,93,0
16,274,0
34,195,0
33,362,0
78,52,0
39,89,0
73,170,0
43,258,0
51,104,0
56,366,0
82,473,0
64,380,0
10,468,0
9,54,0
72,132,0
89,41,0
61,279,0
68,107,1
45,51,0
22,49,1
9,208,0
47,420,0
82,222,0
37,214,0
75,81,0
62,343,0
66,200,0
92,328,1
9,139,0
96,180,0
90,31,0
87,235,0
76,87,0
23,393,0
70,100,0
70,214,0
70,68,0
67,238,0
63,358,0
47,102,0
72,436,0
78,262,1
83,288,0
62,283,0
78,459,0
57,480,0
35,471,0
62,172,0
59,177,0
97,94,0
94,148,0
76,471,0
6,378,0
70,15,0
6,120,0
97,165,0
41,416,0
20,202,0
3,289,0
91,42,0
92,225,0
84,175,0
88,231,1
86,101,0
29,335,0
35,239,1
54,188,0
37,210,0
86,236,0
1,322,0
75,307,1
56,379,0
51,93,0
49,139,0
95,52,0
30,240,1
4,361,1
18,315,0
19,378,0
65,7,0
4,486,0
34,408,0
70,285,0
30,465,1
89,473,0
28,437,1
1,212,0
57,421,0
16,264,1
12,404,0
70,440,0
12,262,0
18,36,0
99,40,0
15,187,0
90,157,1
56,491,0
89,53,0
4,484,0
45,78,0
29,364,0
57,117,0
51,475,0
47,98,1
17,193,0
31,34,0
52,381,0
39,355,0
39,194,0
13,371,0
1,43,0
46,95,0
58,279,0
36,223,0
34,500,0
85,320,0
48,240,0
15,64,0
33,222,0
19,410,0
83,397,0
97,142,0
92,210,1
79,272,0
94,379,1
42,426,1
21,300,1
45,254,0
100,341,0
56,3,0
36,243,0
56,242,0
30,377,0
60,273,0
100,447,0
85,47,1
60,123,0
73,433,1
23,471,0
77,268,1
41,305,0
87,120,1
73,461,0
21,295,1
48,115,0
41,129,1
63,498,0
21,238,0
57,388,0
